{"cameraMode":{"drawMode":0,"name":"Shaded","section":"Shading Mode"},"sceneLighting":true,"audioPlay":false,"sceneViewState":{"showFog":true,"showMaterialUpdate":false,"showSkybox":true,"showFlares":true,"showImageEffects":true,"showParticleSystems":true,"showVisualEffectGraphs":true,"m_FxEnabled":true},"in2DMode":false,"pivot":{"x":6.324980735778809,"y":5.206839084625244,"z":-12.202404975891114},"rotation":{"x":0.008661167696118355,"y":-0.08180821686983109,"z":-0.000710979220457375,"w":-0.9966133832931519},"size":18.519447326660158,"orthographic":false}