{"cameraMode":{"drawMode":0,"name":"Shaded","section":"Shading Mode"},"sceneLighting":false,"audioPlay":false,"sceneViewState":{"showFog":true,"showMaterialUpdate":false,"showSkybox":false,"showFlares":true,"showImageEffects":true,"showParticleSystems":true,"showVisualEffectGraphs":true,"m_FxEnabled":true},"in2DMode":false,"pivot":{"x":-2.8921189308166506,"y":0.07642734050750733,"z":21.02383041381836},"rotation":{"x":-0.09342525899410248,"y":0.1611650437116623,"z":-0.015308791771531105,"w":-0.9824210405349731},"size":3.8944385051727297,"orthographic":false}