{"cameraMode":{"drawMode":0,"name":"Shaded","section":"Shading Mode"},"sceneLighting":false,"audioPlay":false,"sceneViewState":{"showFog":true,"showMaterialUpdate":false,"showSkybox":false,"showFlares":true,"showImageEffects":true,"showParticleSystems":true,"showVisualEffectGraphs":true,"m_FxEnabled":true},"in2DMode":false,"pivot":{"x":-13.467059135437012,"y":5.827911853790283,"z":-28.364055633544923},"rotation":{"x":-0.18688584864139558,"y":0.03625268489122391,"z":-0.006890268996357918,"w":-0.9817467927932739},"size":0.8660253882408142,"orthographic":false}