{"cameraMode":{"drawMode":0,"name":"Shaded","section":"Shading Mode"},"sceneLighting":false,"audioPlay":false,"sceneViewState":{"showFog":true,"showMaterialUpdate":false,"showSkybox":false,"showFlares":true,"showImageEffects":true,"showParticleSystems":true,"showVisualEffectGraphs":true,"m_FxEnabled":true},"in2DMode":false,"pivot":{"x":-0.027553975582122804,"y":5.005800247192383,"z":5.020525932312012},"rotation":{"x":0.02260744571685791,"y":-0.720683753490448,"z":0.022390970960259439,"w":0.6928181648254395},"size":0.8605092167854309,"orthographic":false}