{"cameraMode":{"drawMode":0,"name":"Shaded","section":"Shading Mode"},"sceneLighting":false,"audioPlay":false,"sceneViewState":{"showFog":true,"showMaterialUpdate":false,"showSkybox":false,"showFlares":true,"showImageEffects":true,"showParticleSystems":true,"showVisualEffectGraphs":true,"m_FxEnabled":true},"in2DMode":false,"pivot":{"x":0.001481473445892334,"y":0.10581958293914795,"z":-2.9802322387695315e-8},"rotation":{"x":-0.02430073916912079,"y":-0.020665699616074563,"z":0.0005998578271828592,"w":-0.9995822310447693},"size":1.14542555809021,"orthographic":false}