{"cameraMode":{"drawMode":0,"name":"Shaded","section":"Shading Mode"},"sceneLighting":true,"audioPlay":false,"sceneViewState":{"showFog":true,"showMaterialUpdate":false,"showSkybox":true,"showFlares":true,"showImageEffects":true,"showParticleSystems":true,"showVisualEffectGraphs":true,"m_FxEnabled":true},"in2DMode":false,"pivot":{"x":-17.25760269165039,"y":-18.067203521728517,"z":108.63024139404297},"rotation":{"x":-0.08853928744792938,"y":0.05883185192942619,"z":-0.005236674100160599,"w":-0.9943313002586365},"size":70.71067810058594,"orthographic":false}