{"cameraMode":{"drawMode":0,"name":"Shaded","section":"Shading Mode"},"sceneLighting":false,"audioPlay":false,"sceneViewState":{"showFog":true,"showMaterialUpdate":false,"showSkybox":false,"showFlares":true,"showImageEffects":true,"showParticleSystems":true,"showVisualEffectGraphs":true,"m_FxEnabled":true},"in2DMode":false,"pivot":{"x":0.5251437425613403,"y":2.0162367820739748,"z":-5.688361167907715},"rotation":{"x":0.005685780197381973,"y":0.03028959408402443,"z":0.0003444192698225379,"w":-0.9997206330299377},"size":2.3480353355407717,"orthographic":false}