{"cameraMode":{"drawMode":0,"name":"Shaded","section":"Shading Mode"},"sceneLighting":false,"audioPlay":false,"sceneViewState":{"showFog":true,"showMaterialUpdate":false,"showSkybox":false,"showFlares":true,"showImageEffects":true,"showParticleSystems":true,"showVisualEffectGraphs":true,"m_FxEnabled":true},"in2DMode":false,"pivot":{"x":-15.353106498718262,"y":6.192512035369873,"z":-28.117774963378908},"rotation":{"x":0.006404748652130365,"y":-0.6732465624809265,"z":-0.005874096881598234,"w":-0.7394180297851563},"size":0.5598072409629822,"orthographic":false}