{"cameraMode":{"drawMode":0,"name":"Shaded","section":"Shading Mode"},"sceneLighting":false,"audioPlay":false,"sceneViewState":{"showFog":true,"showMaterialUpdate":false,"showSkybox":false,"showFlares":true,"showImageEffects":true,"showParticleSystems":true,"showVisualEffectGraphs":true,"m_FxEnabled":true},"in2DMode":false,"pivot":{"x":-1.1835806369781495,"y":-0.1298563927412033,"z":0.12908384203910829},"rotation":{"x":0.024244993925094606,"y":-0.6477476954460144,"z":0.020586855709552766,"w":0.7612718343734741},"size":1.6243212223052979,"orthographic":false}