{"cameraMode":{"drawMode":0,"name":"Shaded","section":"Shading Mode"},"sceneLighting":false,"audioPlay":false,"sceneViewState":{"showFog":true,"showMaterialUpdate":false,"showSkybox":false,"showFlares":true,"showImageEffects":true,"showParticleSystems":true,"showVisualEffectGraphs":true,"m_FxEnabled":true},"in2DMode":false,"pivot":{"x":-14.686863899230957,"y":5.8871989250183109,"z":-29.066530227661134},"rotation":{"x":0.013546168804168702,"y":-0.38624414801597597,"z":-0.0056826150976121429,"w":-0.9223146438598633},"size":0.5598071813583374,"orthographic":false}